{"cameraMode":{"drawMode":0,"name":"Shaded","section":"Shading Mode"},"sceneLighting":true,"audioPlay":false,"sceneViewState":{"showFog":false,"showMaterialUpdate":false,"showSkybox":false,"showFlares":false,"showImageEffects":false,"showParticleSystems":false},"in2DMode":false,"pivot":{"x":15.845647811889649,"y":1.6932590007781983,"z":23.10637092590332},"rotation":{"x":-0.06063736975193024,"y":-0.5020509362220764,"z":0.03527708351612091,"w":-0.8620145916938782},"size":9.545543670654297,"orthographic":false}